365283,Senior Technical Product Manager,Indigo
80439,Software Architect (Java),Trustwave
37725,Operations/DevOps Engineer,Red Ventures
41974,"Vice President, Marketing",Nativo
20128,Lighting Artist - (Contract),Rooster Teeth
301028,Game Engineer,Zwift
146951,"Director, QA",Zwift
86817,"Director, Marketplace Operations",Button
95872,Creative Director,Meetup
114220,Email & Push Notification Campaign Specialist,Groupon
296627,Program Manager - Data Science and Design,Convoy
361717,Freelance XMPie Developer,The Marketing Store
45938,Account Executive,Everbridge
59781,Software Development Engineer In Test (SDET) - Automation QA,"Webroot, an OpenText company"
138112,Application Architect,Morningstar
109276,Customer Support Hero,Intuiface
123164,Applications Manager,Rover
306830,Accounts Receivable Analyst,Bevi
52268,Project Manager (Part-Time),Z3Talent
145618,Benefits Manager,Leafly
22574,Operations Engineer - Platform Security,Duo Security
360631,Legal Associate,Domio
84809,Software Engineer- Backend,Peloton
116132,Chief Risk and Analytics Officer,Braviant Holdings
376235,Principal Lighting Artist,IllFonic
300318,Public Relations Specialist,"Alteryx, Inc."
317770,Data Scientist,TripAdvisor
6842,Director of Engineering (Ops/Infrastructure/SRE),Wistia
277854,Release Automation Engineer,DataRobot
397986,Senior Site Reliability Engineer,Paxos
5926,Senior Engineer: Observability Platforms,DigitalOcean
77584,Overnight/Early Morning Collections Representatives,Enova
33069,Sales Learning & Development,Gusto
360761,Marketing Operations Manager,InStride
43136,Media Account Executive,SUPPLY
134592,Online Support Agent,Vivid Seats
373286,"Manager, Nursing and Community Care",Cityblock Health
358711,"Associate, Product Operations",DoorDash
12190,Producer,R/GA
13108,"Program Manager, Women@HubSpot",HubSpot
406650,"Lifecycle Marketing Manager, International",Headspace
31585,iOS Core Engineer for Social Games,Scopely
115957,Sr IBM BPM Developer,Discover
62173,Senior Python Engineer,Leapfrog Online
77975,Android Mobile Developer,Snapsheet
399130,"Manager, Advertising Data Services",Expedia Group
30364,Customer Success Manager ,"Documoto, Inc."
56247,Full Stack Web Developer,A2ZSync
393491,Product Manager,Faction
62769,Restaurant Account Advisor,Grubhub
347877,"Senior Frontend Engineer, Video",Reddit
416356,QA Manager,Payfactors
1563,"Product Manager, Analytics",Instructure
305894,"Senior Manager, Business Strategy & Operations",Smartsheet
312400,Director of People and Culture,Cie
320002,Director of Engineering,UiPath
106543,Associate Creative Strategist,Tubescience
364203,Manager of Information Security - Program Management,Morningstar
336201,Lab Technician (ADX-110-19),ArcherDX
28004,"Software Engineer, Services",FullContact
360940,IT Help Desk Analyst,Toast
5243,Customer Support Leader,Localytics
414585,Senior Engineer: Database-as-a-Service (DBaaS),DigitalOcean
406316,Software Engineer,"Jobcase, Inc."
304213,Software Architect - Public Cloud,Xactly Corp
77308,Associate Attorney - Client Acquisition ,UpRight Law
123229,"Senior Counsel, Employment",Snap Inc.
60467,UI-Visual Designer,ReachLocal
376146,"Director, Finance and Administration (Governance Segment)",Vista Consulting Group
403845,Sales Development Representative (SDR) (CA),3PL Central
125216,Acquisitions Associate,DRW
136245,Account Executive,AccuLynx
427449,Ruby on Rails Engineer,Mobile Doorman
371067,Business Intelligence Analyst,The Predictive Index
402200,Technical Partners Manager,Acquia
373278,"Director of Product, Web Presence",Squarespace
95001,Recruiter,VTS
140515,Sr. Product Manager (Technical),DreamBox Learning
6728,iOS Developer,Ovia Health
106635,Program Coordinator (Beta),Ring
112889,Marketing Research Services,Camelot Illinois
353654,Tier and Business Unit Analytics Manager,Airbnb
23077,Inside Sales Representative,FoundersCard
52220,Client Success Manager,Cornerstone OnDemand
97337,Site Reliability Engineer II - Database Engineering,Grubhub
408353,"Partner Manager, Channel Partnerships",mParticle
292522,Marketing Services Specialist,Tiger Pistol
358256,Implementation Project Manager,SecureLink
112138,SEC Reporting Analyst,Groupon
18193,Sr. Principal Product Marketing Manager,Duo Security
379192,Strategic Sourcing Lead,Fictiv
91476,Software Engineer,Kargo
123633,Retail Analyst Intern,Expedia Group
417093,"Director, Demand Generation",DigitalOcean
384438,Sales Operations Specialist,Vertafore
50701,Web Developer,GoHealth
21417,Customer Support Analyst â€“ Overnight Shift,Spredfast
130965,Accounting Manager,CLEAR
71637,"Strategic Account Director, Paid Search",Performics
319473,Junior IT Project Manager,Amherst
